Chain,Position,ResName,Avg_Bfactor,Std_Bfactor,Min_Bfactor,Max_Bfactor,Flexibility,In_Conserved
A,2,VAL,86.32,4.84,79.09,91.51,High,False
A,27,TYR,85.23,2.1,80.57,87.83,High,False
A,28,ASN,72.63,7.85,59.97,80.15,High,False
A,30,GLY,79.72,2.7,75.85,83.25,High,False
A,31,HIS,66.04,7.18,57.0,75.13,High,True
A,32,TYR,78.96,3.74,73.67,84.8,High,True
A,33,TRP,80.47,4.95,74.06,88.78,High,True
A,50,ILE,89.88,3.18,84.46,93.83,High,True
A,52,PHE,77.54,6.73,69.23,86.24,High,True
A,55,ASP,69.56,6.22,60.37,77.36,High,True
A,57,ASP,75.8,6.63,64.81,83.04,High,True
A,58,THR,84.42,3.96,78.47,89.11,High,False
A,59,ARG,75.9,12.83,56.82,90.87,High,True
A,98,ARG,86.65,7.68,73.41,95.89,High,False
A,99,HIS,79.92,6.28,71.54,89.36,High,True
A,100,GLY,74.59,5.49,66.3,81.42,High,False
A,101,GLY,66.11,2.56,62.29,69.48,High,False
A,102,MET,47.63,6.92,36.43,55.44,Medium,True
A,103,ALA,51.48,2.65,47.54,54.98,High,True
A,104,SER,44.65,3.52,38.42,48.26,Medium,True
A,105,ALA,50.24,2.41,45.8,52.93,High,True
A,106,VAL,49.35,5.92,40.35,56.77,Medium,True
A,107,ASP,62.12,4.33,55.5,68.24,High,True
A,108,MET,67.88,7.46,54.5,77.09,High,False
A,109,ASN,76.44,8.44,63.66,87.13,High,True
A,110,TRP,87.11,2.65,83.14,91.41,High,False
B,1,ASP,82.61,6.28,73.67,91.09,High,False
B,2,ILE,93.09,2.04,89.26,95.84,High,True
B,26,SER,95.78,0.96,94.34,96.92,High,False
B,27,GLN,85.78,8.78,70.43,94.91,High,True
B,28,SER,89.71,2.03,86.16,92.53,High,False
B,29,LEU,91.4,1.94,87.03,93.13,High,False
B,30,LEU,78.57,3.09,74.67,83.83,High,False
B,31,TYR,59.28,7.65,48.86,72.35,High,True
B,32,ARG,45.01,11.67,28.12,59.81,Medium,False
B,33,SER,49.75,3.68,42.87,53.7,Medium,False
B,34,SER,57.4,1.87,54.47,60.17,High,False
B,35,ASN,65.34,4.62,57.59,70.89,High,False
B,36,LYS,73.96,6.95,61.04,82.06,High,False
B,38,CYS,90.28,3.26,84.23,93.79,High,False
B,55,TYR,89.21,3.76,82.88,95.47,High,False
B,56,TRP,80.2,7.65,70.32,91.5,High,False
B,96,GLN,92.72,3.48,86.44,96.94,High,False
B,97,HIS,86.28,2.86,83.23,91.7,High,False
B,98,TYR,81.55,2.46,78.71,86.79,High,True
B,99,SER,80.3,4.24,71.95,84.33,High,True
B,100,VAL,79.33,4.64,72.31,83.79,High,True
B,101,PRO,89.74,1.75,87.02,92.23,High,False
B,102,TYR,88.18,4.98,79.86,94.94,High,True
