AbChain,AbResi,AbIcode,AbResn,AbAtom,AgChain,AgResi,AgIcode,AgResn,AgAtom,Distance
A,102,,MET,SD,C,171,,LEU,CB,3.559
A,102,,MET,SD,C,171,,LEU,CD1,4.310
A,102,,MET,CE,C,171,,LEU,CB,3.005
A,102,,MET,CE,C,171,,LEU,CG,3.729
A,102,,MET,CE,C,171,,LEU,CD1,3.446
A,102,,MET,CE,C,171,,LEU,CD2,4.356
A,106,,VAL,CB,C,113,,LEU,CD2,4.117
A,106,,VAL,CG1,C,113,,LEU,CD2,4.412
A,106,,VAL,CG2,C,113,,LEU,CG,3.271
A,106,,VAL,CG2,C,113,,LEU,CD1,3.487
A,106,,VAL,CG2,C,113,,LEU,CD2,3.153
B,31,,TYR,CD1,C,113,,LEU,CG,4.488
B,31,,TYR,CD1,C,113,,LEU,CD1,3.618
B,31,,TYR,CE1,C,113,,LEU,CG,3.835
B,31,,TYR,CE1,C,113,,LEU,CD1,3.353
B,31,,TYR,CZ,C,113,,LEU,CD1,4.164
