Chain,Position,ResName,Hydrophobic,Aromatic,Basic,Acidic,Polar,In_Conserved
A,2,VAL,True,False,False,False,False,False
A,27,TYR,True,True,False,False,False,False
A,28,ASN,False,False,False,False,True,False
A,30,GLY,False,False,False,False,False,False
A,31,HIS,False,True,True,False,False,True
A,32,TYR,True,True,False,False,False,True
A,33,TRP,True,True,False,False,False,True
A,50,ILE,True,False,False,False,False,True
A,52,PHE,True,True,False,False,False,True
A,55,ASP,False,False,False,True,False,True
A,57,ASP,False,False,False,True,False,True
A,58,THR,False,False,False,False,True,False
A,59,ARG,False,False,True,False,False,True
A,98,ARG,False,False,True,False,False,False
A,99,HIS,False,True,True,False,False,True
A,100,GLY,False,False,False,False,False,False
A,101,GLY,False,False,False,False,False,False
A,102,MET,True,False,False,False,False,True
A,103,ALA,True,False,False,False,False,True
A,104,SER,False,False,False,False,True,True
A,105,ALA,True,False,False,False,False,True
A,106,VAL,True,False,False,False,False,True
A,107,ASP,False,False,False,True,False,True
A,108,MET,True,False,False,False,False,False
A,109,ASN,False,False,False,False,True,True
A,110,TRP,True,True,False,False,False,False
B,1,ASP,False,False,False,True,False,False
B,2,ILE,True,False,False,False,False,True
B,26,SER,False,False,False,False,True,False
B,27,GLN,False,False,False,False,True,True
B,28,SER,False,False,False,False,True,False
B,29,LEU,True,False,False,False,False,False
B,30,LEU,True,False,False,False,False,False
B,31,TYR,True,True,False,False,False,True
B,32,ARG,False,False,True,False,False,False
B,33,SER,False,False,False,False,True,False
B,34,SER,False,False,False,False,True,False
B,35,ASN,False,False,False,False,True,False
B,36,LYS,False,False,True,False,False,False
B,38,CYS,False,False,False,False,True,False
B,55,TYR,True,True,False,False,False,False
B,56,TRP,True,True,False,False,False,False
B,96,GLN,False,False,False,False,True,False
B,97,HIS,False,True,True,False,False,False
B,98,TYR,True,True,False,False,False,True
B,99,SER,False,False,False,False,True,True
B,100,VAL,True,False,False,False,False,True
B,101,PRO,False,False,False,False,False,False
B,102,TYR,True,True,False,False,False,True
